{
    "test_roc_auc": 0.6084924760733573,
    "test_accuracy": 0.7982976528243487,
    "test_precision": 0.4444444444444444,
    "test_recall": 0.0030714102892244687,
    "test_f1_score": 0.006100660904931368
}